Price,Close,High,Low,Open,Volume
Ticker,^NSEBANK,^NSEBANK,^NSEBANK,^NSEBANK,^NSEBANK
Datetime,,,,,
2026-04-08 03:45:00+00:00,55040.5,55082.1484375,54809.8515625,54904.44921875,0
2026-04-08 03:50:00+00:00,54915.69921875,55130.44921875,54903.75,55043.44921875,0
2026-04-08 03:55:00+00:00,54956.5,55018.30078125,54893.3515625,54923.25,0
2026-04-08 04:00:00+00:00,55007.3984375,55062.8515625,54951.1015625,54951.1015625,0
2026-04-08 04:05:00+00:00,55131.3984375,55140.5,55001.25,55004.75,0
2026-04-08 04:10:00+00:00,55180.1484375,55188.75,55116.3515625,55124.3515625,0
2026-04-08 04:15:00+00:00,55235.5,55276.30078125,55177.94921875,55177.94921875,0
2026-04-08 04:20:00+00:00,55215.55078125,55306.6015625,55183.5,55229.25,0
2026-04-08 04:25:00+00:00,55165.19921875,55268.0,55148.30078125,55213.0,0
2026-04-08 04:30:00+00:00,55175.80078125,55277.75,55140.94921875,55164.69921875,0
2026-04-08 04:35:00+00:00,55202.3515625,55293.44921875,55173.44921875,55173.44921875,0
2026-04-08 04:40:00+00:00,55181.05078125,55210.3984375,55164.19921875,55197.8984375,0
2026-04-08 04:45:00+00:00,55247.6484375,55248.1484375,55151.5,55184.6484375,0
2026-04-08 04:50:00+00:00,55224.55078125,55262.05078125,55169.3515625,55251.05078125,0
2026-04-08 04:55:00+00:00,55324.3984375,55327.44921875,55206.25,55225.5,0
2026-04-08 05:00:00+00:00,55378.19921875,55383.75,55287.1484375,55326.30078125,0
2026-04-08 05:05:00+00:00,55315.75,55378.8515625,55282.5,55378.8515625,0
2026-04-08 05:10:00+00:00,55347.69921875,55361.44921875,55273.05078125,55319.75,0
2026-04-08 05:15:00+00:00,55386.19921875,55405.6015625,55322.8984375,55342.3515625,0
2026-04-08 05:20:00+00:00,55451.8515625,55458.80078125,55386.25,55386.25,0
2026-04-08 05:25:00+00:00,55477.6484375,55502.3984375,55432.3984375,55452.8984375,0
2026-04-08 05:30:00+00:00,55475.0,55533.8515625,55459.94921875,55478.75,0
2026-04-08 05:35:00+00:00,55488.80078125,55505.80078125,55465.3515625,55484.6484375,0
2026-04-08 05:40:00+00:00,55489.44921875,55527.19921875,55480.94921875,55489.30078125,0
2026-04-08 05:45:00+00:00,55502.5,55550.3984375,55470.55078125,55488.1484375,0
2026-04-08 05:50:00+00:00,55503.6484375,55528.05078125,55479.75,55504.3515625,0
2026-04-08 05:55:00+00:00,55457.3984375,55514.6484375,55449.05078125,55504.6484375,0
2026-04-08 06:00:00+00:00,55460.6484375,55479.3984375,55414.3984375,55461.69921875,0
2026-04-08 06:05:00+00:00,55443.80078125,55471.30078125,55396.05078125,55460.30078125,0
2026-04-08 06:10:00+00:00,55425.6484375,55479.94921875,55421.3984375,55441.05078125,0
2026-04-08 06:15:00+00:00,55430.8984375,55463.8515625,55422.30078125,55422.30078125,0
2026-04-08 06:20:00+00:00,55356.94921875,55436.75,55335.55078125,55429.25,0
2026-04-08 06:25:00+00:00,55303.0,55362.5,55279.55078125,55358.3984375,0
2026-04-08 06:30:00+00:00,55408.30078125,55411.3984375,55288.6015625,55303.3984375,0
2026-04-08 06:35:00+00:00,55412.1484375,55427.55078125,55377.6015625,55405.3984375,0
2026-04-08 06:40:00+00:00,55419.30078125,55433.25,55398.75,55411.3515625,0
2026-04-08 06:45:00+00:00,55418.6015625,55429.30078125,55398.55078125,55422.05078125,0
2026-04-08 06:50:00+00:00,55424.05078125,55434.6015625,55403.75,55416.69921875,0
2026-04-08 06:55:00+00:00,55381.3515625,55429.80078125,55376.19921875,55421.5,0
2026-04-08 07:00:00+00:00,55309.94921875,55383.30078125,55266.30078125,55380.8984375,0
2026-04-08 07:05:00+00:00,55329.30078125,55334.0,55292.19921875,55309.80078125,0
2026-04-08 07:10:00+00:00,55402.6484375,55423.94921875,55314.3515625,55322.8984375,0
2026-04-08 07:15:00+00:00,55410.6015625,55411.6484375,55364.5,55401.0,0
2026-04-08 07:20:00+00:00,55431.69921875,55434.0,55385.05078125,55410.05078125,0
2026-04-08 07:25:00+00:00,55480.1484375,55491.44921875,55428.05078125,55431.0,0
2026-04-08 07:30:00+00:00,55412.3515625,55483.69921875,55387.55078125,55477.80078125,0
2026-04-08 07:35:00+00:00,55415.05078125,55432.05078125,55372.3984375,55412.8984375,0
2026-04-08 07:40:00+00:00,55424.55078125,55468.44921875,55410.6015625,55415.6015625,0
2026-04-08 07:45:00+00:00,55406.3515625,55453.1015625,55405.1484375,55426.75,0
2026-04-08 07:50:00+00:00,55428.3984375,55435.3984375,55393.94921875,55405.3984375,0
2026-04-08 07:55:00+00:00,55463.6015625,55470.1484375,55420.8515625,55426.0,0
2026-04-08 08:00:00+00:00,55469.55078125,55472.80078125,55436.5,55463.6015625,0
2026-04-08 08:05:00+00:00,55508.5,55533.19921875,55468.80078125,55471.80078125,0
2026-04-08 08:10:00+00:00,55433.05078125,55507.8984375,55421.69921875,55506.1015625,0
2026-04-08 08:15:00+00:00,55434.44921875,55453.0,55415.30078125,55430.0,0
2026-04-08 08:20:00+00:00,55423.1015625,55489.55078125,55397.75,55434.1484375,0
2026-04-08 08:25:00+00:00,55480.3984375,55481.75,55423.0,55426.5,0
2026-04-08 08:30:00+00:00,55460.75,55480.44921875,55436.6015625,55480.05078125,0
2026-04-08 08:35:00+00:00,55450.55078125,55478.5,55419.8984375,55461.80078125,0
2026-04-08 08:40:00+00:00,55422.05078125,55489.6484375,55404.55078125,55448.19921875,0
2026-04-08 08:45:00+00:00,55479.19921875,55481.0,55416.5,55422.8984375,0
2026-04-08 08:50:00+00:00,55546.1015625,55547.8984375,55474.94921875,55478.94921875,0
2026-04-08 08:55:00+00:00,55544.8984375,55574.1484375,55522.19921875,55547.05078125,0
2026-04-08 09:00:00+00:00,55554.94921875,55583.1484375,55531.30078125,55550.6015625,0
2026-04-08 09:05:00+00:00,55595.44921875,55605.1484375,55547.55078125,55554.0,0
2026-04-08 09:10:00+00:00,55666.75,55694.3984375,55593.19921875,55597.1015625,0
2026-04-08 09:15:00+00:00,55652.0,55753.0,55645.44921875,55667.3515625,0
2026-04-08 09:20:00+00:00,55660.1484375,55667.94921875,55610.55078125,55647.30078125,0
2026-04-08 09:25:00+00:00,55702.19921875,55704.55078125,55643.30078125,55660.30078125,0
2026-04-08 09:30:00+00:00,55674.05078125,55701.05078125,55586.1484375,55699.8984375,0
2026-04-08 09:35:00+00:00,55692.30078125,55728.6015625,55673.30078125,55677.1015625,0
2026-04-08 09:40:00+00:00,55678.8984375,55720.94921875,55655.3984375,55690.69921875,0
2026-04-08 09:45:00+00:00,55704.8515625,55717.3984375,55660.94921875,55678.55078125,0
2026-04-08 09:50:00+00:00,55716.1015625,55733.8984375,55689.80078125,55704.8984375,0
2026-04-08 09:55:00+00:00,55757.75,55777.3515625,55718.55078125,55723.05078125,0
2026-04-09 03:45:00+00:00,55507.3984375,55574.80078125,55254.75,55525.05078125,0
2026-04-09 03:50:00+00:00,55542.80078125,55576.0,55472.19921875,55497.19921875,0
2026-04-09 03:55:00+00:00,55533.69921875,55566.0,55508.3984375,55541.1015625,0
2026-04-09 04:00:00+00:00,55318.3984375,55557.3515625,55310.55078125,55537.55078125,0
2026-04-09 04:05:00+00:00,55339.3515625,55404.3515625,55313.3515625,55317.55078125,0
2026-04-09 04:10:00+00:00,55267.6015625,55362.1484375,55244.8515625,55340.44921875,0
2026-04-09 04:15:00+00:00,55155.05078125,55328.8515625,55155.05078125,55267.8984375,0
2026-04-09 04:20:00+00:00,55161.44921875,55187.8984375,55093.5,55155.25,0
2026-04-09 04:25:00+00:00,55152.1484375,55181.44921875,55112.44921875,55160.69921875,0
2026-04-09 04:30:00+00:00,55238.8515625,55269.44921875,55078.8515625,55151.6484375,0
2026-04-09 04:35:00+00:00,55261.6484375,55263.30078125,55195.19921875,55231.3984375,0
2026-04-09 04:40:00+00:00,55349.3515625,55384.44921875,55259.69921875,55259.69921875,0
2026-04-09 04:45:00+00:00,55472.44921875,55481.69921875,55305.94921875,55349.0,0
2026-04-09 04:50:00+00:00,55457.05078125,55473.3984375,55381.1484375,55473.3984375,0
2026-04-09 04:55:00+00:00,55442.19921875,55460.19921875,55342.30078125,55456.55078125,0
2026-04-09 05:00:00+00:00,55506.8515625,55536.3984375,55441.5,55451.6015625,0
2026-04-09 05:05:00+00:00,55434.8515625,55567.80078125,55434.8515625,55501.80078125,0
2026-04-09 05:10:00+00:00,55297.94921875,55439.75,55284.80078125,55435.05078125,0
2026-04-09 05:15:00+00:00,55361.6015625,55389.3984375,55297.30078125,55297.30078125,0
2026-04-09 05:20:00+00:00,55349.6484375,55365.3515625,55304.8984375,55360.25,0
2026-04-09 05:25:00+00:00,55370.8515625,55403.19921875,55346.25,55346.25,0
2026-04-09 05:30:00+00:00,55415.44921875,55478.0,55369.94921875,55371.6484375,0
2026-04-09 05:35:00+00:00,55418.25,55444.05078125,55351.8984375,55416.1015625,0
2026-04-09 05:40:00+00:00,55372.0,55442.69921875,55360.3515625,55416.94921875,0
2026-04-09 05:45:00+00:00,55303.19921875,55385.80078125,55294.80078125,55372.0,0
2026-04-09 05:50:00+00:00,55304.05078125,55334.30078125,55231.5,55305.75,0
2026-04-09 05:55:00+00:00,55288.0,55339.05078125,55282.94921875,55304.6484375,0
2026-04-09 06:00:00+00:00,55272.6015625,55343.75,55242.3515625,55287.94921875,0
2026-04-09 06:05:00+00:00,55280.94921875,55297.1484375,55252.44921875,55263.3984375,0
2026-04-09 06:10:00+00:00,55269.8515625,55308.5,55245.0,55279.69921875,0
2026-04-09 06:15:00+00:00,55288.44921875,55289.94921875,55230.30078125,55269.25,0
2026-04-09 06:20:00+00:00,55250.1484375,55293.6484375,55222.8515625,55284.6484375,0
2026-04-09 06:25:00+00:00,55251.1484375,55294.6484375,55218.8515625,55250.80078125,0
2026-04-09 06:30:00+00:00,55222.19921875,55299.6015625,55208.19921875,55252.1484375,0
2026-04-09 06:35:00+00:00,55286.75,55286.75,55182.3515625,55219.55078125,0
2026-04-09 06:40:00+00:00,55230.8515625,55309.19921875,55222.0,55280.3984375,0
2026-04-09 06:45:00+00:00,55231.55078125,55244.1484375,55206.55078125,55230.5,0
2026-04-09 06:50:00+00:00,55178.05078125,55237.1015625,55170.69921875,55230.8515625,0
2026-04-09 06:55:00+00:00,55188.94921875,55223.30078125,55123.80078125,55173.1484375,0
2026-04-09 07:00:00+00:00,55171.25,55233.1484375,55166.55078125,55192.6484375,0
2026-04-09 07:05:00+00:00,55130.6484375,55190.05078125,55105.94921875,55173.30078125,0
2026-04-09 07:10:00+00:00,55126.6484375,55176.94921875,55106.8515625,55132.0,0
2026-04-09 07:15:00+00:00,55004.5,55136.69921875,55004.19921875,55134.6484375,0
2026-04-09 07:20:00+00:00,55072.6484375,55088.69921875,54984.0,55007.80078125,0
2026-04-09 07:25:00+00:00,55008.8515625,55082.6015625,54998.6484375,55074.6484375,0
2026-04-09 07:30:00+00:00,54993.94921875,55033.1484375,54987.69921875,55010.30078125,0
2026-04-09 07:35:00+00:00,55024.44921875,55030.8984375,54974.6484375,54993.94921875,0
2026-04-09 07:40:00+00:00,54961.6015625,55025.80078125,54939.80078125,55023.30078125,0
2026-04-09 07:45:00+00:00,54920.80078125,54962.30078125,54912.80078125,54959.44921875,0
2026-04-09 07:50:00+00:00,54881.5,54919.6015625,54807.75,54917.3984375,0
2026-04-09 07:55:00+00:00,54825.1484375,54882.44921875,54823.3984375,54878.94921875,0
2026-04-09 08:00:00+00:00,54909.1015625,54914.8984375,54810.55078125,54823.69921875,0
2026-04-09 08:05:00+00:00,54851.6015625,54923.19921875,54834.05078125,54911.05078125,0
2026-04-09 08:10:00+00:00,54829.25,54868.30078125,54817.69921875,54850.8515625,0
2026-04-09 08:15:00+00:00,54851.25,54863.30078125,54771.6015625,54824.19921875,0
2026-04-09 08:20:00+00:00,54870.30078125,54902.19921875,54812.5,54848.8515625,0
2026-04-09 08:25:00+00:00,54856.94921875,54898.6484375,54851.1484375,54869.19921875,0
2026-04-09 08:30:00+00:00,54894.94921875,54918.05078125,54810.55078125,54859.05078125,0
2026-04-09 08:35:00+00:00,54910.0,54945.94921875,54853.6015625,54891.6015625,0
2026-04-09 08:40:00+00:00,54828.05078125,54912.80078125,54814.3984375,54909.30078125,0
2026-04-09 08:45:00+00:00,54772.1484375,54839.1015625,54772.1484375,54826.3984375,0
2026-04-09 08:50:00+00:00,54742.3515625,54814.25,54720.8515625,54771.1484375,0
2026-04-09 08:55:00+00:00,54720.80078125,54745.55078125,54687.75,54739.44921875,0
2026-04-09 09:00:00+00:00,54662.6484375,54720.6015625,54626.8515625,54718.75,0
2026-04-09 09:05:00+00:00,54714.1484375,54718.8984375,54647.5,54663.6015625,0
2026-04-09 09:10:00+00:00,54742.3984375,54777.30078125,54686.0,54715.1015625,0
2026-04-09 09:15:00+00:00,54740.69921875,54748.05078125,54682.0,54742.44921875,0
2026-04-09 09:20:00+00:00,54751.75,54765.0,54700.55078125,54736.6015625,0
2026-04-09 09:25:00+00:00,54743.80078125,54761.55078125,54706.8984375,54750.30078125,0
2026-04-09 09:30:00+00:00,54744.5,54932.8515625,54696.30078125,54740.80078125,0
2026-04-09 09:35:00+00:00,54857.5,54890.44921875,54716.8984375,54745.8984375,0
2026-04-09 09:40:00+00:00,54884.25,54891.80078125,54818.6015625,54858.75,0
2026-04-09 09:45:00+00:00,54843.0,54887.44921875,54834.6484375,54881.6484375,0
2026-04-09 09:50:00+00:00,54821.05078125,54861.30078125,54805.05078125,54840.1015625,0
2026-04-09 09:55:00+00:00,54820.0,54862.3515625,54790.30078125,54821.55078125,0
2026-04-10 03:45:00+00:00,55571.30078125,55581.25,55180.80078125,55193.55078125,0
2026-04-10 03:50:00+00:00,55550.25,55619.44921875,55546.30078125,55571.1015625,0
2026-04-10 03:55:00+00:00,55625.75,55626.3515625,55511.8515625,55554.75,0
2026-04-10 04:00:00+00:00,55618.55078125,55710.80078125,55615.80078125,55628.8515625,0
2026-04-10 04:05:00+00:00,55640.75,55651.5,55556.19921875,55617.1484375,0
2026-04-10 04:10:00+00:00,55698.75,55740.55078125,55638.3984375,55645.44921875,0
2026-04-10 04:15:00+00:00,55755.19921875,55790.75,55686.1015625,55695.30078125,0
2026-04-10 04:20:00+00:00,55756.6015625,55786.75,55742.25,55751.44921875,0
2026-04-10 04:25:00+00:00,55794.94921875,55807.0,55743.25,55755.8984375,0
2026-04-10 04:30:00+00:00,55762.5,55844.44921875,55759.6484375,55795.25,0
2026-04-10 04:35:00+00:00,55777.1015625,55787.25,55612.3984375,55763.5,0
2026-04-10 04:40:00+00:00,55849.1484375,55859.44921875,55773.3515625,55776.19921875,0
2026-04-10 04:45:00+00:00,55916.80078125,55928.75,55858.3984375,55859.8515625,0
2026-04-10 04:50:00+00:00,55884.30078125,55922.94921875,55870.0,55918.1015625,0
2026-04-10 04:55:00+00:00,55843.3984375,55917.0,55822.1484375,55881.69921875,0
2026-04-10 05:00:00+00:00,55798.75,55864.6015625,55739.6484375,55843.69921875,0
2026-04-10 05:05:00+00:00,55797.69921875,55840.3515625,55781.6484375,55797.25,0
2026-04-10 05:10:00+00:00,55809.80078125,55832.25,55795.3984375,55800.75,0
2026-04-10 05:15:00+00:00,55793.0,55835.8515625,55793.0,55809.0,0
2026-04-10 05:20:00+00:00,55766.3984375,55810.25,55763.0,55794.3984375,0
2026-04-10 05:25:00+00:00,55826.1015625,55826.44921875,55720.3984375,55769.05078125,0
2026-04-10 05:30:00+00:00,55826.55078125,55860.55078125,55813.25,55829.44921875,0
2026-04-10 05:35:00+00:00,55862.0,55863.55078125,55802.94921875,55827.6015625,0
2026-04-10 05:40:00+00:00,55849.3984375,55881.69921875,55833.3984375,55862.8984375,0
2026-04-10 05:45:00+00:00,55793.1484375,55851.55078125,55760.1015625,55848.3515625,0
2026-04-10 05:50:00+00:00,55776.1484375,55815.19921875,55771.44921875,55794.44921875,0
2026-04-10 05:55:00+00:00,55732.19921875,55828.8515625,55726.05078125,55774.19921875,0
2026-04-10 06:00:00+00:00,55826.8515625,55835.8984375,55732.55078125,55732.55078125,0
2026-04-10 06:05:00+00:00,55763.94921875,55841.3984375,55755.80078125,55831.1484375,0
2026-04-10 06:10:00+00:00,55765.3984375,55794.44921875,55739.94921875,55762.94921875,0
2026-04-10 06:15:00+00:00,55715.5,55781.3984375,55682.1015625,55763.44921875,0
2026-04-10 06:20:00+00:00,55752.80078125,55773.8984375,55713.44921875,55713.44921875,0
2026-04-10 06:25:00+00:00,55758.6015625,55761.8984375,55729.8515625,55753.5,0
2026-04-10 06:30:00+00:00,55795.25,55800.1484375,55733.6484375,55757.55078125,0
2026-04-10 06:35:00+00:00,55820.05078125,55832.8515625,55779.44921875,55790.80078125,0
2026-04-10 06:40:00+00:00,55767.44921875,55825.8984375,55763.1484375,55820.8984375,0
2026-04-10 06:45:00+00:00,55781.1484375,55781.5,55737.80078125,55767.3515625,0
2026-04-10 06:50:00+00:00,55812.05078125,55812.19921875,55746.5,55777.8984375,0
2026-04-10 06:55:00+00:00,55796.3515625,55848.55078125,55766.19921875,55809.1015625,0
2026-04-10 07:00:00+00:00,55743.80078125,55797.6484375,55736.6015625,55794.69921875,0
2026-04-10 07:05:00+00:00,55793.6015625,55798.94921875,55738.5,55740.55078125,0
2026-04-10 07:10:00+00:00,55761.6484375,55808.55078125,55757.05078125,55794.3984375,0
2026-04-10 07:15:00+00:00,55782.6015625,55794.6484375,55752.0,55754.80078125,0
2026-04-10 07:20:00+00:00,55749.1484375,55785.8984375,55710.05078125,55783.6484375,0
2026-04-10 07:25:00+00:00,55788.75,55792.75,55746.30078125,55747.8984375,0
2026-04-10 07:30:00+00:00,55813.19921875,55828.8515625,55783.0,55791.3984375,0
2026-04-10 07:35:00+00:00,55830.0,55855.1015625,55803.8515625,55813.44921875,0
2026-04-10 07:40:00+00:00,55808.1015625,55835.30078125,55801.94921875,55828.8984375,0
2026-04-10 07:45:00+00:00,55810.3984375,55818.8984375,55787.1484375,55807.44921875,0
2026-04-10 07:50:00+00:00,55836.6484375,55845.1484375,55805.25,55810.3984375,0
2026-04-10 07:55:00+00:00,55882.44921875,55885.8984375,55829.30078125,55835.80078125,0
2026-04-10 08:00:00+00:00,55862.6015625,55889.5,55853.75,55880.5,0
2026-04-10 08:05:00+00:00,55860.6015625,55872.1015625,55835.5,55862.8515625,0
2026-04-10 08:10:00+00:00,55890.0,55903.6015625,55857.19921875,55861.6484375,0
2026-04-10 08:15:00+00:00,55844.3984375,55907.94921875,55829.3515625,55892.94921875,0
2026-04-10 08:20:00+00:00,55868.6015625,55888.1015625,55822.5,55843.05078125,0
2026-04-10 08:25:00+00:00,55923.19921875,55934.94921875,55853.8515625,55871.0,0
2026-04-10 08:30:00+00:00,55899.0,55957.44921875,55895.6484375,55926.0,0
2026-04-10 08:35:00+00:00,55924.3984375,55928.25,55901.1015625,55904.55078125,0
2026-04-10 08:40:00+00:00,55881.6484375,55968.8515625,55828.6484375,55924.3515625,0
2026-04-10 08:45:00+00:00,55804.19921875,55885.5,55668.8984375,55885.5,0
2026-04-10 08:50:00+00:00,55698.8984375,55834.5,55695.69921875,55806.6015625,0
2026-04-10 08:55:00+00:00,55727.19921875,55744.75,55669.25,55695.8984375,0
2026-04-10 09:00:00+00:00,55710.8984375,55780.1015625,55710.8984375,55723.8515625,0
2026-04-10 09:05:00+00:00,55743.19921875,55755.1015625,55649.94921875,55710.5,0
2026-04-10 09:10:00+00:00,55757.25,55800.0,55732.19921875,55739.3515625,0
2026-04-10 09:15:00+00:00,55793.6015625,55796.25,55678.1484375,55753.6015625,0
2026-04-10 09:20:00+00:00,55768.0,55796.3515625,55749.05078125,55791.8515625,0
2026-04-10 09:25:00+00:00,55790.0,55798.44921875,55763.25,55767.8984375,0
2026-04-10 09:30:00+00:00,55845.75,55850.30078125,55779.0,55791.6484375,0
2026-04-10 09:35:00+00:00,55949.0,55951.44921875,55843.05078125,55847.75,0
2026-04-10 09:40:00+00:00,55921.8984375,55977.6484375,55918.30078125,55949.19921875,0
2026-04-10 09:45:00+00:00,55921.19921875,55945.94921875,55900.1015625,55923.3984375,0
2026-04-10 09:50:00+00:00,55942.1015625,55952.8515625,55908.1015625,55919.8984375,0
2026-04-10 09:55:00+00:00,55929.3984375,55957.19921875,55914.19921875,55939.8984375,0
2026-04-13 03:45:00+00:00,54489.1484375,54825.55078125,54364.5,54697.75,0
2026-04-13 03:50:00+00:00,54570.55078125,54583.94921875,54463.80078125,54488.75,0
2026-04-13 03:55:00+00:00,54614.44921875,54643.55078125,54560.25,54566.94921875,0
2026-04-13 04:00:00+00:00,54615.8515625,54618.80078125,54526.30078125,54608.5,0
2026-04-13 04:05:00+00:00,54566.44921875,54615.8515625,54510.3984375,54614.94921875,0
2026-04-13 04:10:00+00:00,54677.6015625,54691.19921875,54553.55078125,54564.0,0
2026-04-13 04:15:00+00:00,54686.30078125,54694.55078125,54624.44921875,54679.0,0
2026-04-13 04:20:00+00:00,54729.19921875,54757.30078125,54680.3984375,54688.25,0
2026-04-13 04:25:00+00:00,54753.19921875,54789.3515625,54727.5,54731.30078125,0
2026-04-13 04:30:00+00:00,54765.19921875,54771.69921875,54708.55078125,54755.6484375,0
2026-04-13 04:35:00+00:00,54776.6484375,54797.80078125,54749.6484375,54767.8515625,0
2026-04-13 04:40:00+00:00,54741.0,54806.05078125,54732.55078125,54776.8515625,0
2026-04-13 04:45:00+00:00,54778.3984375,54778.3984375,54669.55078125,54743.75,0
2026-04-13 04:50:00+00:00,54844.75,54871.1015625,54768.25,54778.5,0
2026-04-13 04:55:00+00:00,54903.1015625,54942.25,54838.94921875,54844.80078125,0
2026-04-13 05:00:00+00:00,54881.8515625,54934.6015625,54851.44921875,54902.44921875,0
2026-04-13 05:05:00+00:00,54915.8984375,54921.25,54818.19921875,54882.6484375,0
2026-04-13 05:10:00+00:00,54911.3515625,54939.3984375,54807.6015625,54915.3984375,0
2026-04-13 05:15:00+00:00,54939.55078125,54979.8984375,54902.05078125,54909.5,0
2026-04-13 05:20:00+00:00,54973.0,54995.8515625,54927.55078125,54939.8515625,0
2026-04-13 05:25:00+00:00,54964.3515625,55018.69921875,54951.1484375,54976.05078125,0
2026-04-13 05:30:00+00:00,54951.5,54966.55078125,54921.55078125,54960.8515625,0
2026-04-13 05:35:00+00:00,54942.1015625,54978.6484375,54939.3984375,54948.1015625,0
2026-04-13 05:40:00+00:00,54954.05078125,54959.1015625,54889.94921875,54940.1015625,0
2026-04-13 05:45:00+00:00,54941.94921875,54976.55078125,54940.19921875,54953.19921875,0
2026-04-13 05:50:00+00:00,54943.8515625,54979.25,54898.8515625,54941.30078125,0
2026-04-13 05:55:00+00:00,54908.05078125,54976.5,54908.05078125,54943.19921875,0
2026-04-13 06:00:00+00:00,54917.1484375,54943.94921875,54882.55078125,54911.1484375,0
2026-04-13 06:05:00+00:00,54989.6015625,55012.5,54914.6015625,54915.75,0
2026-04-13 06:10:00+00:00,54953.55078125,54993.0,54949.3984375,54990.19921875,0
2026-04-13 06:15:00+00:00,55041.05078125,55053.69921875,54948.05078125,54955.44921875,0
2026-04-13 06:20:00+00:00,55092.6015625,55094.80078125,55049.55078125,55049.55078125,0
2026-04-13 06:25:00+00:00,55073.25,55131.19921875,55069.05078125,55093.6015625,0
2026-04-13 06:30:00+00:00,55113.19921875,55134.05078125,55075.6484375,55075.6484375,0
2026-04-13 06:35:00+00:00,55147.8515625,55165.94921875,55113.5,55114.94921875,0
2026-04-13 06:40:00+00:00,55209.80078125,55213.0,55147.0,55148.3515625,0
2026-04-13 06:45:00+00:00,55238.75,55243.8984375,55201.8515625,55208.8515625,0
2026-04-13 06:50:00+00:00,55257.94921875,55259.25,55201.05078125,55238.1015625,0
2026-04-13 06:55:00+00:00,55368.5,55369.0,55252.94921875,55255.80078125,0
2026-04-13 07:00:00+00:00,55328.3984375,55389.8984375,55326.5,55371.05078125,0
2026-04-13 07:05:00+00:00,55395.6015625,55434.1484375,55333.1484375,55334.30078125,0
2026-04-13 07:10:00+00:00,55428.05078125,55433.8515625,55379.5,55392.75,0
2026-04-13 07:15:00+00:00,55429.3984375,55440.1015625,55386.25,55428.5,0
2026-04-13 07:20:00+00:00,55386.8984375,55442.94921875,55386.8984375,55427.05078125,0
2026-04-13 07:25:00+00:00,55310.8515625,55391.1484375,55246.30078125,55388.94921875,0
2026-04-13 07:30:00+00:00,55283.44921875,55347.05078125,55230.44921875,55312.94921875,0
2026-04-13 07:35:00+00:00,55333.80078125,55357.3515625,55281.30078125,55284.0,0
2026-04-13 07:40:00+00:00,55391.30078125,55394.0,55312.6015625,55330.25,0
2026-04-13 07:45:00+00:00,55431.6015625,55433.80078125,55365.0,55394.8515625,0
2026-04-13 07:50:00+00:00,55393.75,55448.3984375,55383.6484375,55434.75,0
2026-04-13 07:55:00+00:00,55403.6484375,55423.8984375,55369.55078125,55400.05078125,0
2026-04-13 08:00:00+00:00,55507.5,55524.0,55407.05078125,55407.05078125,0
2026-04-13 08:05:00+00:00,55519.1484375,55549.19921875,55490.05078125,55512.19921875,0
2026-04-13 08:10:00+00:00,55492.30078125,55533.25,55479.0,55523.75,0
2026-04-13 08:15:00+00:00,55509.6484375,55516.25,55469.6484375,55498.3515625,0
2026-04-13 08:20:00+00:00,55665.19921875,55665.19921875,55501.3984375,55510.19921875,0
2026-04-13 08:25:00+00:00,55699.44921875,55749.6484375,55654.19921875,55664.1015625,0
2026-04-13 08:30:00+00:00,55693.30078125,55717.1484375,55686.1015625,55700.19921875,0
2026-04-13 08:35:00+00:00,55587.80078125,55699.69921875,55582.6484375,55694.44921875,0
2026-04-13 08:40:00+00:00,55575.0,55588.5,55520.3984375,55583.6484375,0
2026-04-13 08:45:00+00:00,55589.1015625,55623.30078125,55527.0,55583.1484375,0
2026-04-13 08:50:00+00:00,55623.3515625,55637.69921875,55581.5,55593.0,0
2026-04-13 08:55:00+00:00,55635.1484375,55664.44921875,55617.25,55620.0,0
2026-04-13 09:00:00+00:00,55689.19921875,55711.05078125,55634.75,55635.44921875,0
2026-04-13 09:05:00+00:00,55654.6015625,55737.05078125,55654.05078125,55691.5,0
2026-04-13 09:10:00+00:00,55647.05078125,55698.94921875,55613.55078125,55656.1484375,0
2026-04-13 09:15:00+00:00,55681.44921875,55706.3984375,55625.8984375,55647.94921875,0
2026-04-13 09:20:00+00:00,55673.6484375,55695.05078125,55649.3984375,55681.8515625,0
2026-04-13 09:25:00+00:00,55673.0,55707.8984375,55664.3515625,55670.30078125,0
2026-04-13 09:30:00+00:00,55579.75,55702.44921875,55524.94921875,55674.55078125,0
2026-04-13 09:35:00+00:00,55605.1015625,55679.6015625,55547.6484375,55582.3515625,0
2026-04-13 09:40:00+00:00,55639.3984375,55657.75,55575.69921875,55601.75,0
2026-04-13 09:45:00+00:00,55560.6015625,55644.75,55552.8984375,55640.6015625,0
2026-04-13 09:50:00+00:00,55559.1015625,55588.0,55540.75,55567.94921875,0
2026-04-13 09:55:00+00:00,55571.8515625,55601.25,55547.5,55560.19921875,0
2026-04-15 03:45:00+00:00,56659.6484375,56781.75,56373.0,56373.0,0
2026-04-15 03:50:00+00:00,56542.5,56682.75,56533.80078125,56664.75,0
2026-04-15 03:55:00+00:00,56490.30078125,56542.5,56451.80078125,56542.5,0
2026-04-15 04:00:00+00:00,56416.55078125,56498.5,56401.19921875,56492.05078125,0
2026-04-15 04:05:00+00:00,56322.3515625,56418.3984375,56311.94921875,56417.0,0
2026-04-15 04:10:00+00:00,56448.6484375,56491.44921875,56318.75,56325.6015625,0
2026-04-15 04:15:00+00:00,56353.80078125,56493.8984375,56353.80078125,56447.05078125,0
2026-04-15 04:20:00+00:00,56415.5,56440.3515625,56339.6015625,56353.55078125,0
2026-04-15 04:25:00+00:00,56447.1484375,56476.5,56407.3515625,56410.1015625,0
2026-04-15 04:30:00+00:00,56484.3984375,56487.6484375,56410.30078125,56445.6015625,0
2026-04-15 04:35:00+00:00,56503.30078125,56535.44921875,56477.0,56483.44921875,0
2026-04-15 04:40:00+00:00,56503.1015625,56555.6015625,56491.8984375,56497.1484375,0
2026-04-15 04:45:00+00:00,56544.1015625,56571.80078125,56502.69921875,56502.69921875,0
2026-04-15 04:50:00+00:00,56578.05078125,56622.0,56524.30078125,56544.1015625,0
2026-04-15 04:55:00+00:00,56537.3984375,56585.1015625,56519.6484375,56576.05078125,0
2026-04-15 05:00:00+00:00,56558.94921875,56583.44921875,56529.1015625,56542.25,0
2026-04-15 05:05:00+00:00,56457.80078125,56562.3515625,56454.3984375,56557.8515625,0
2026-04-15 05:10:00+00:00,56418.6015625,56465.05078125,56400.0,56457.69921875,0
2026-04-15 05:15:00+00:00,56428.3515625,56453.6484375,56411.80078125,56419.44921875,0
2026-04-15 05:20:00+00:00,56343.94921875,56430.44921875,56315.6015625,56429.0,0
2026-04-15 05:25:00+00:00,56329.1015625,56377.6015625,56328.25,56351.6015625,0
2026-04-15 05:30:00+00:00,56280.94921875,56333.25,56268.3984375,56333.25,0
2026-04-15 05:35:00+00:00,56185.1015625,56279.8984375,56179.80078125,56279.69921875,0
2026-04-15 05:40:00+00:00,56143.30078125,56196.75,56142.80078125,56184.3984375,0
2026-04-15 05:45:00+00:00,56155.0,56225.69921875,56109.19921875,56143.6484375,0
2026-04-15 05:50:00+00:00,56203.6015625,56229.19921875,56152.94921875,56156.94921875,0
2026-04-15 05:55:00+00:00,56155.05078125,56204.55078125,56140.69921875,56204.55078125,0
2026-04-15 06:00:00+00:00,56172.6015625,56193.0,56142.25,56155.1484375,0
2026-04-15 06:05:00+00:00,56212.6484375,56225.25,56173.69921875,56173.69921875,0
2026-04-15 06:10:00+00:00,56224.3984375,56244.30078125,56202.25,56213.1484375,0
2026-04-15 06:15:00+00:00,56283.1484375,56284.80078125,56192.1015625,56225.19921875,0
2026-04-15 06:20:00+00:00,56295.30078125,56313.8984375,56262.8984375,56282.25,0
2026-04-15 06:25:00+00:00,56253.8984375,56298.44921875,56247.3984375,56294.8984375,0
2026-04-15 06:30:00+00:00,56317.19921875,56324.30078125,56254.55078125,56254.55078125,0
2026-04-15 06:35:00+00:00,56318.69921875,56334.80078125,56300.1015625,56316.44921875,0
2026-04-15 06:40:00+00:00,56326.5,56357.0,56317.44921875,56320.25,0
2026-04-15 06:45:00+00:00,56280.6484375,56345.8984375,56277.75,56326.05078125,0
2026-04-15 06:50:00+00:00,56288.0,56296.80078125,56221.0,56278.30078125,0
2026-04-15 06:55:00+00:00,56272.3984375,56323.19921875,56270.3984375,56288.8515625,0
2026-04-15 07:00:00+00:00,56234.55078125,56276.8984375,56212.44921875,56270.19921875,0
2026-04-15 07:05:00+00:00,56233.25,56263.3984375,56213.8515625,56232.94921875,0
2026-04-15 07:10:00+00:00,56244.6484375,56256.44921875,56196.19921875,56233.8515625,0
2026-04-15 07:15:00+00:00,56219.5,56274.05078125,56201.3515625,56247.44921875,0
2026-04-15 07:20:00+00:00,56205.3515625,56265.19921875,56172.0,56224.6015625,0
2026-04-15 07:25:00+00:00,56193.6484375,56222.80078125,56179.25,56204.44921875,0
2026-04-15 07:30:00+00:00,56226.1484375,56244.94921875,56177.8515625,56193.6484375,0
2026-04-15 07:35:00+00:00,56229.69921875,56236.3515625,56203.3515625,56226.69921875,0
2026-04-15 07:40:00+00:00,56288.55078125,56290.5,56228.55078125,56229.05078125,0
2026-04-15 07:45:00+00:00,56336.8984375,56339.44921875,56273.5,56291.6015625,0
2026-04-15 07:50:00+00:00,56255.94921875,56349.8984375,56238.1484375,56338.8984375,0
2026-04-15 07:55:00+00:00,56232.19921875,56286.75,56231.0,56254.3515625,0
2026-04-15 08:00:00+00:00,56277.05078125,56304.19921875,56210.80078125,56232.30078125,0
2026-04-15 08:05:00+00:00,56233.25,56296.8984375,56223.19921875,56278.05078125,0
2026-04-15 08:10:00+00:00,56280.55078125,56285.94921875,56218.05078125,56233.1015625,0
2026-04-15 08:15:00+00:00,56251.30078125,56289.80078125,56231.25,56282.1484375,0
2026-04-15 08:20:00+00:00,56218.55078125,56254.55078125,56210.05078125,56253.1484375,0
2026-04-15 08:25:00+00:00,56277.05078125,56287.8515625,56211.55078125,56218.8515625,0
2026-04-15 08:30:00+00:00,56322.19921875,56337.3984375,56274.5,56274.5,0
2026-04-15 08:35:00+00:00,56302.6015625,56331.8984375,56296.80078125,56319.8515625,0
2026-04-15 08:40:00+00:00,56293.8515625,56321.3515625,56268.44921875,56300.0,0
2026-04-15 08:45:00+00:00,56318.05078125,56318.80078125,56267.75,56291.8515625,0
2026-04-15 08:50:00+00:00,56283.0,56348.1484375,56277.6484375,56313.8984375,0
2026-04-15 08:55:00+00:00,56316.30078125,56335.55078125,56275.6484375,56279.6015625,0
2026-04-15 09:00:00+00:00,56311.5,56325.69921875,56296.30078125,56316.19921875,0
2026-04-15 09:05:00+00:00,56279.3984375,56314.5,56249.8984375,56307.69921875,0
2026-04-15 09:10:00+00:00,56326.69921875,56328.94921875,56278.6015625,56279.8515625,0
2026-04-15 09:15:00+00:00,56345.30078125,56351.25,56318.19921875,56321.3984375,0
2026-04-15 09:20:00+00:00,56392.1015625,56430.8984375,56344.6015625,56344.6015625,0
2026-04-15 09:25:00+00:00,56394.19921875,56417.55078125,56371.6484375,56389.3984375,0
2026-04-15 09:30:00+00:00,56366.3984375,56411.6484375,56342.94921875,56408.1484375,0
2026-04-15 09:35:00+00:00,56330.0,56379.3984375,56294.30078125,56366.3984375,0
2026-04-15 09:40:00+00:00,56291.30078125,56345.25,56290.94921875,56328.0,0
2026-04-15 09:45:00+00:00,56271.3984375,56300.94921875,56250.80078125,56297.3515625,0
2026-04-15 09:50:00+00:00,56269.6015625,56290.5,56251.05078125,56272.3515625,0
2026-04-15 09:55:00+00:00,56258.8515625,56285.75,56223.6015625,56270.75,0
2026-04-16 03:45:00+00:00,56788.30078125,56796.6015625,56525.75,56657.25,0
2026-04-16 03:50:00+00:00,56695.80078125,56832.8984375,56651.0,56792.55078125,0
2026-04-16 03:55:00+00:00,56729.55078125,56757.5,56688.6484375,56694.8984375,0
2026-04-16 04:00:00+00:00,56666.3984375,56754.25,56641.5,56730.19921875,0
2026-04-16 04:05:00+00:00,56552.0,56670.55078125,56494.8984375,56664.75,0
2026-04-16 04:10:00+00:00,56507.0,56586.75,56507.0,56557.1484375,0
2026-04-16 04:15:00+00:00,56596.6015625,56611.0,56476.44921875,56509.25,0
2026-04-16 04:20:00+00:00,56555.8515625,56605.3515625,56505.3515625,56593.69921875,0
2026-04-16 04:25:00+00:00,56457.0,56557.8984375,56456.8984375,56557.8984375,0
2026-04-16 04:30:00+00:00,56567.19921875,56568.1015625,56445.5,56456.3515625,0
2026-04-16 04:35:00+00:00,56578.25,56583.6484375,56491.69921875,56563.5,0
2026-04-16 04:40:00+00:00,56603.3515625,56615.5,56562.75,56579.1015625,0
2026-04-16 04:45:00+00:00,56578.3984375,56636.19921875,56568.5,56604.94921875,0
2026-04-16 04:50:00+00:00,56572.6015625,56582.5,56536.6484375,56577.75,0
2026-04-16 04:55:00+00:00,56539.3984375,56606.05078125,56513.75,56571.6484375,0
2026-04-16 05:00:00+00:00,56544.80078125,56592.30078125,56536.55078125,56540.1484375,0
2026-04-16 05:05:00+00:00,56516.94921875,56583.44921875,56491.3515625,56541.69921875,0
2026-04-16 05:10:00+00:00,56554.69921875,56582.3984375,56513.69921875,56517.19921875,0
2026-04-16 05:15:00+00:00,56588.8984375,56615.94921875,56550.19921875,56555.05078125,0
2026-04-16 05:20:00+00:00,56607.6484375,56610.6015625,56572.44921875,56594.44921875,0
2026-04-16 05:25:00+00:00,56571.3984375,56612.6484375,56554.30078125,56607.80078125,0
2026-04-16 05:30:00+00:00,56605.75,56623.94921875,56566.55078125,56572.25,0
2026-04-16 05:35:00+00:00,56581.5,56620.75,56553.44921875,56601.30078125,0
2026-04-16 05:40:00+00:00,56535.8984375,56581.94921875,56498.69921875,56581.94921875,0
2026-04-16 05:45:00+00:00,56546.1484375,56555.80078125,56479.69921875,56536.3984375,0
2026-04-16 05:50:00+00:00,56459.75,56574.3984375,56449.80078125,56549.1015625,0
2026-04-16 05:55:00+00:00,56439.1484375,56464.8515625,56397.1484375,56459.55078125,0
2026-04-16 06:00:00+00:00,56456.30078125,56461.1015625,56423.1484375,56440.25,0
2026-04-16 06:05:00+00:00,56392.19921875,56456.1484375,56364.80078125,56456.1484375,0
2026-04-16 06:10:00+00:00,56332.3515625,56390.94921875,56316.69921875,56390.94921875,0
2026-04-16 06:15:00+00:00,56257.75,56326.3984375,56195.0,56326.3984375,0
2026-04-16 06:20:00+00:00,56241.6015625,56257.6484375,56189.80078125,56257.1484375,0
2026-04-16 06:25:00+00:00,56135.0,56251.19921875,56124.80078125,56244.94921875,0
2026-04-16 06:30:00+00:00,56070.5,56143.6484375,56067.8984375,56141.69921875,0
2026-04-16 06:35:00+00:00,56096.69921875,56117.5,56055.3515625,56071.25,0
2026-04-16 06:40:00+00:00,56146.19921875,56150.19921875,56084.80078125,56101.75,0
2026-04-16 06:45:00+00:00,56139.55078125,56162.1015625,56079.25,56140.8515625,0
2026-04-16 06:50:00+00:00,56048.05078125,56147.3515625,56012.94921875,56137.6015625,0
2026-04-16 06:55:00+00:00,56052.8984375,56076.1484375,56011.0,56050.55078125,0
2026-04-16 07:00:00+00:00,56002.1484375,56078.19921875,55999.8515625,56050.0,0
2026-04-16 07:05:00+00:00,56044.75,56044.75,55972.6484375,55998.44921875,0
2026-04-16 07:10:00+00:00,55998.3515625,56060.6484375,55996.0,56047.3515625,0
2026-04-16 07:15:00+00:00,55974.8515625,56021.69921875,55959.1015625,56000.05078125,0
2026-04-16 07:20:00+00:00,55920.6015625,56022.55078125,55914.25,55976.0,0
2026-04-16 07:25:00+00:00,55974.75,55977.05078125,55903.3515625,55922.6484375,0
2026-04-16 07:30:00+00:00,56007.3515625,56020.94921875,55967.25,55976.44921875,0
2026-04-16 07:35:00+00:00,55948.1015625,56039.0,55935.19921875,56007.55078125,0
2026-04-16 07:40:00+00:00,55936.69921875,55951.69921875,55900.44921875,55951.69921875,0
2026-04-16 07:45:00+00:00,55997.8984375,56010.8515625,55913.25,55939.19921875,0
2026-04-16 07:50:00+00:00,55925.80078125,56012.55078125,55912.25,56001.05078125,0
2026-04-16 07:55:00+00:00,55944.8515625,55960.44921875,55919.44921875,55926.1015625,0
2026-04-16 08:00:00+00:00,55965.80078125,55978.19921875,55942.5,55946.3984375,0
2026-04-16 08:05:00+00:00,55965.1484375,55968.30078125,55946.0,55965.94921875,0
2026-04-16 08:10:00+00:00,56035.05078125,56041.3984375,55956.8515625,55965.3984375,0
2026-04-16 08:15:00+00:00,56057.80078125,56069.44921875,56030.05078125,56032.1015625,0
2026-04-16 08:20:00+00:00,56156.44921875,56162.1015625,56055.19921875,56055.3515625,0
2026-04-16 08:25:00+00:00,56140.55078125,56172.30078125,56113.1015625,56153.19921875,0
2026-04-16 08:30:00+00:00,56054.8984375,56147.8984375,56042.6015625,56142.6015625,0
2026-04-16 08:35:00+00:00,56079.80078125,56092.3515625,56021.1484375,56054.6484375,0
2026-04-16 08:40:00+00:00,56100.44921875,56118.80078125,56067.1484375,56079.80078125,0
2026-04-16 08:45:00+00:00,56102.8515625,56110.05078125,56073.0,56101.8984375,0
2026-04-16 08:50:00+00:00,56120.6015625,56126.19921875,56076.6015625,56102.30078125,0
2026-04-16 08:55:00+00:00,56163.69921875,56164.8515625,56115.1484375,56118.3984375,0
2026-04-16 09:00:00+00:00,56240.75,56244.5,56162.8984375,56165.1015625,0
2026-04-16 09:05:00+00:00,56267.3515625,56275.44921875,56228.75,56239.8984375,0
2026-04-16 09:10:00+00:00,56256.44921875,56299.30078125,56245.69921875,56268.1484375,0
2026-04-16 09:15:00+00:00,56290.0,56300.80078125,56253.69921875,56259.44921875,0
2026-04-16 09:20:00+00:00,56289.8984375,56324.0,56266.19921875,56289.80078125,0
2026-04-16 09:25:00+00:00,56244.44921875,56291.8515625,56229.6015625,56289.25,0
2026-04-16 09:30:00+00:00,56144.69921875,56267.6484375,56093.30078125,56252.5,0
2026-04-16 09:35:00+00:00,56035.25,56156.0,56018.6484375,56148.0,0
2026-04-16 09:40:00+00:00,56069.0,56132.3984375,56038.8984375,56038.8984375,0
2026-04-16 09:45:00+00:00,56010.6015625,56089.1484375,56005.6015625,56068.6015625,0
2026-04-16 09:50:00+00:00,56034.8984375,56060.1484375,56006.55078125,56007.3984375,0
2026-04-16 09:55:00+00:00,56036.3984375,56060.55078125,55998.55078125,56034.94921875,0
2026-04-17 03:45:00+00:00,56106.25,56155.3984375,55853.6484375,56098.1015625,0
2026-04-17 03:50:00+00:00,56106.0,56209.30078125,56101.94921875,56118.30078125,0
2026-04-17 03:55:00+00:00,56177.8984375,56197.19921875,56110.8515625,56112.6484375,0
2026-04-17 04:00:00+00:00,56102.25,56184.6484375,56089.8984375,56179.6484375,0
2026-04-17 04:05:00+00:00,56182.6015625,56192.1484375,56056.80078125,56096.19921875,0
2026-04-17 04:10:00+00:00,56069.3515625,56225.8515625,56057.6484375,56184.30078125,0
2026-04-17 04:15:00+00:00,56126.30078125,56129.69921875,56067.3984375,56069.94921875,0
2026-04-17 04:20:00+00:00,56111.25,56168.6484375,56100.8984375,56124.6484375,0
2026-04-17 04:25:00+00:00,56134.19921875,56183.8984375,56091.55078125,56111.55078125,0
2026-04-17 04:30:00+00:00,56191.19921875,56191.19921875,56054.69921875,56131.75,0
2026-04-17 04:35:00+00:00,56203.75,56266.8515625,56190.6484375,56190.6484375,0
2026-04-17 04:40:00+00:00,56207.8515625,56225.25,56158.3515625,56203.1015625,0
2026-04-17 04:45:00+00:00,56243.55078125,56273.25,56209.80078125,56211.19921875,0
2026-04-17 04:50:00+00:00,56260.30078125,56273.8515625,56238.1484375,56243.1015625,0
2026-04-17 04:55:00+00:00,56256.25,56307.80078125,56247.19921875,56265.1015625,0
2026-04-17 05:00:00+00:00,56178.05078125,56273.1484375,56152.8515625,56252.55078125,0
2026-04-17 05:05:00+00:00,56178.75,56251.69921875,56161.19921875,56177.55078125,0
2026-04-17 05:10:00+00:00,56162.3515625,56202.1015625,56155.94921875,56180.1015625,0
2026-04-17 05:15:00+00:00,56166.94921875,56187.5,56148.3984375,56159.1015625,0
2026-04-17 05:20:00+00:00,56146.6015625,56169.3515625,56140.19921875,56166.44921875,0
2026-04-17 05:25:00+00:00,56159.69921875,56181.94921875,56140.44921875,56144.5,0
2026-04-17 05:30:00+00:00,56135.25,56177.6484375,56106.3984375,56159.6015625,0
2026-04-17 05:35:00+00:00,56150.75,56153.19921875,56122.8515625,56133.55078125,0
2026-04-17 05:40:00+00:00,56165.8984375,56202.19921875,56148.94921875,56152.1015625,0
2026-04-17 05:45:00+00:00,56197.1484375,56203.0,56165.6015625,56167.80078125,0
2026-04-17 05:50:00+00:00,56184.30078125,56224.94921875,56179.55078125,56196.44921875,0
2026-04-17 05:55:00+00:00,56209.1484375,56218.94921875,56174.6484375,56184.6015625,0
2026-04-17 06:00:00+00:00,56255.1484375,56258.19921875,56206.44921875,56210.3515625,0
2026-04-17 06:05:00+00:00,56266.1484375,56289.8984375,56240.05078125,56257.1484375,0
2026-04-17 06:10:00+00:00,56294.55078125,56319.8984375,56261.80078125,56266.3515625,0
2026-04-17 06:15:00+00:00,56260.8515625,56306.19921875,56257.0,56294.05078125,0
2026-04-17 06:20:00+00:00,56344.1484375,56346.69921875,56261.8984375,56262.19921875,0
2026-04-17 06:25:00+00:00,56250.25,56373.8515625,56250.19921875,56346.69921875,0
2026-04-17 06:30:00+00:00,56236.8984375,56282.8515625,56201.1484375,56251.6015625,0
2026-04-17 06:35:00+00:00,56270.1015625,56285.44921875,56228.1015625,56237.94921875,0
2026-04-17 06:40:00+00:00,56311.30078125,56318.05078125,56258.19921875,56267.25,0
2026-04-17 06:45:00+00:00,56350.3984375,56352.6015625,56308.94921875,56313.1484375,0
2026-04-17 06:50:00+00:00,56376.69921875,56379.1484375,56329.6015625,56347.69921875,0
2026-04-17 06:55:00+00:00,56368.55078125,56386.1484375,56367.19921875,56376.69921875,0
2026-04-17 07:00:00+00:00,56328.3515625,56373.30078125,56312.3515625,56370.3515625,0
2026-04-17 07:05:00+00:00,56356.5,56359.44921875,56320.5,56327.6484375,0
2026-04-17 07:10:00+00:00,56353.8984375,56363.3984375,56337.8984375,56353.1015625,0
2026-04-17 07:15:00+00:00,56350.94921875,56375.19921875,56332.0,56352.30078125,0
2026-04-17 07:20:00+00:00,56336.55078125,56358.6484375,56313.1484375,56353.80078125,0
2026-04-17 07:25:00+00:00,56342.19921875,56360.94921875,56326.8984375,56335.19921875,0
2026-04-17 07:30:00+00:00,56330.8984375,56348.69921875,56322.3515625,56342.25,0
2026-04-17 07:35:00+00:00,56369.19921875,56371.3515625,56323.6015625,56331.30078125,0
2026-04-17 07:40:00+00:00,56376.30078125,56392.80078125,56367.8984375,56367.8984375,0
2026-04-17 07:45:00+00:00,56351.05078125,56391.75,56344.30078125,56376.30078125,0
2026-04-17 07:50:00+00:00,56347.6015625,56377.3515625,56328.8984375,56347.69921875,0
2026-04-17 07:55:00+00:00,56388.8984375,56388.8984375,56328.75,56348.3515625,0
2026-04-17 08:00:00+00:00,56434.3984375,56442.3984375,56388.05078125,56388.05078125,0
2026-04-17 08:05:00+00:00,56434.3515625,56437.6015625,56420.30078125,56431.8515625,0
2026-04-17 08:10:00+00:00,56437.69921875,56468.8984375,56433.30078125,56435.25,0
2026-04-17 08:15:00+00:00,56447.19921875,56460.1015625,56436.0,56436.0,0
2026-04-17 08:20:00+00:00,56426.44921875,56453.25,56414.55078125,56446.6484375,0
2026-04-17 08:25:00+00:00,56401.8515625,56439.3984375,56393.44921875,56426.55078125,0
2026-04-17 08:30:00+00:00,56400.94921875,56428.69921875,56395.19921875,56402.44921875,0
2026-04-17 08:35:00+00:00,56431.69921875,56445.6484375,56395.19921875,56400.94921875,0
2026-04-17 08:40:00+00:00,56422.5,56451.6484375,56416.0,56432.05078125,0
2026-04-17 08:45:00+00:00,56455.05078125,56458.3515625,56413.44921875,56419.1484375,0
2026-04-17 08:50:00+00:00,56470.69921875,56491.55078125,56454.30078125,56454.6015625,0
2026-04-17 08:55:00+00:00,56456.3984375,56475.44921875,56442.05078125,56466.6015625,0
2026-04-17 09:00:00+00:00,56479.30078125,56491.3984375,56447.0,56453.55078125,0
2026-04-17 09:05:00+00:00,56525.3515625,56534.8984375,56471.94921875,56480.1484375,0
2026-04-17 09:10:00+00:00,56575.3515625,56585.80078125,56511.94921875,56524.94921875,0
2026-04-17 09:15:00+00:00,56593.1484375,56603.5,56558.8515625,56572.80078125,0
2026-04-17 09:20:00+00:00,56578.75,56627.94921875,56571.94921875,56590.6015625,0
2026-04-17 09:25:00+00:00,56549.30078125,56590.1015625,56539.8984375,56573.19921875,0
2026-04-17 09:30:00+00:00,56572.19921875,56581.19921875,56495.30078125,56554.3984375,0
2026-04-17 09:35:00+00:00,56580.75,56609.25,56560.8515625,56568.55078125,0
2026-04-17 09:40:00+00:00,56570.30078125,56588.94921875,56567.80078125,56568.6484375,0
2026-04-17 09:45:00+00:00,56585.94921875,56604.05078125,56557.55078125,56569.3984375,0
2026-04-17 09:50:00+00:00,56563.25,56589.8515625,56545.1484375,56587.1484375,0
2026-04-17 09:55:00+00:00,56625.6015625,56625.6015625,56541.55078125,56565.1484375,0
